Search,Search Count,Last Search Date
"you say run",18,131248806123980000
"wavesh",10,131235704405460000
"ext:rar;mp4;mkv path:Compressed dc:today",7,131245445558620000
"haunted",7,131241322536570000
"westworld",5,131239429138310000
"one punch man",5,131238329823810000
"jiro",5,131236714526970000
"ext:mkv;mp4 dog",5,131235939312640000
"erza'",4,131245590375240000
"no weapon",4,131244455690590000
"shok",4,131235988623290000
"ext:mkv;mp4 cat",4,131231755003210000
"pwc.txt",3,131244836241370000
"ext:mp3 ii ne",3,131239233270500000
"shokugeki no ext:mp4",3,131237625526630000
"ext:mp3 Shoku",3,131237117649500000
"ext:mp3",3,131237112416760000
"IR Tree dc:thisweek",2,131248880221040000
"ext:pdf Downloads dc:thisweek",2,131248806540870000
"cg pdf",2,131248751454250000
"path:KoreanMovieLinkGetter ext:py",2,131248337542580000
"modern family",2,131246334936300000
"freesia ext:cbr",2,131246177448480000
"dream ho",2,131246153456090000
"dream house",2,131245534676210000
"coker",2,131244461874850000
"you say ru",2,131244460848450000
"interstellar",2,131244456011780000
"passport",2,131243900404890000
"pan ",2,131243881325360000
"ext:rar;mp4;mkv path:C: dc:thismonth fai",2,131241813919360000
"transcript.html",2,131241765632300000
"ore monog",2,131239599342900000
"path:Music path:X:\Dropbox\Music\201 ext:mp3  ",2,131238535399030000
"ext:rar path:Compressed dc:today",2,131238363367860000
"ext:html 2016",2,131238354544430000
"ext:mkv ii",2,131238313785760000
"cyborg",2,131237106708110000
"jack spar",2,131236924831630000
"tell me mp3",2,131236923918860000
"ext:mkv;mp4;flv dc:today",2,131235939337920000
"020",2,131235701079860000
"jiro drea",2,131232298114270000
"dream",2,131231735015490000
"new world mp4",2,131217092355860000
"<convert ext:py> | <weapons ext:mp3>",1,131248894863970000
"(ext:py convert) | (ext:mp3 No Weapons)",1,131248893913530000
"no weapons ",1,131248892615520000
"ppt tree dc:today",1,131248882694430000
"IR Tree ext:pdf",1,131248880342670000
"2to3.py",1,131248870500900000
"2to3 ext:py",1,131248869732820000
"path:Desktop Stranger",1,131248812849280000
"path:Desktop ext:mp3 dc:today",1,131248812762720000
"ext:pdf path:Documents dc:thisweek",1,131248807326630000
"ext:pdf dc:thisweek",1,131248807100220000
"ext:py convert path:static",1,131248762342200000
"Desktop static ext:html;md;css ",1,131248288654570000
"Desktop static",1,131248030216390000
"dc:thisweek",1,131248023538650000
"avatar ",1,131247811532350000
"pandocfilters ",1,131247078638280000
"burr",1,131246286542650000
"one pu",1,131246157175180000
"shokugeki no ext:mp3",1,131245627516720000
"SOP pdf",1,131245572810580000
"Declaration and Authorization pdf",1,131245568248040000
"dmx",1,131245558672830000
"ext:rar;mp4;mkv path:dc:yesterday",1,131245534058570000
"KoreanMOvieLink ext:html dc:today",1,131245396279930000
"KoreanMOvieLink ext:py",1,131245394684280000
"KoreanMOvieLink ext:html",1,131245394034950000
"Something.pdf",1,131245337882460000
"ping pong hero",1,131244910989900000
"china",1,131244910908190000
"timetable png",1,131244884422400000
"verti",1,131244457016260000
"inter",1,131244456134180000
"ext:cbr",1,131244447974260000
"money.txt",1,131244426575410000
"personal details icse",1,131244420052730000
"personal details isc",1,131244419525460000
"aadhar",1,131244416508320000
"pan",1,131244416029000000
"aa",1,131243886655990000
" Dropbox Personal passport",1,131243882338000000
" Dropbox Personal ext:pdf",1,131243881721690000
" Dropbox Personal",1,131243881661940000
"pan Dropbox Personal",1,131243881393360000
"furi wav",1,131243802772020000
"furi",1,131243802725150000
"cbr",1,131243790559290000
"colorful ",1,131243786581650000
"ext:zip;cbr;rar dc:thisweek",1,131243512329240000
"fairy tail",1,131242969090860000
"ext:cbr;rar onsen",1,131242918773460000
"ext:cbr onsen",1,131242918431990000
"gimp ext:exe",1,131242570783590000
"shst replacer",1,131241811401100000
"ext:rar;mp4;mkv path:C: dc:thismonth ",1,131241799266560000
"ext:rar;mp4;mkv path:C: dc:thismonth",1,131241794253970000
"one",1,131240640375310000
"seven sa",1,131239429286860000
"jawa",1,131239371503930000
"fatra",1,131238535734730000
"path:Music path:X:\Dropbox\Music\201 ext:mp3 ",1,131238521895760000
"path:Music path:201 ext:mp3",1,131238519071720000
"ext:mp3 perf",1,131238512755500000
" path:Compressed ",1,131238390859930000
"ext:exe Mega",1,131238384376240000
"path:Downloads",1,131238380761790000
"path:Compressed",1,131238377230420000
"abc ext:pdf",1,131238359257640000
"ext:mkv;mp4 westworld",1,131238356511180000
"you ",1,131237760994330000
"westw",1,131237682438810000
"danger",1,131237631619820000
"sing stree",1,131237478462360000
"ext:js youtube",1,131237119054380000
"ext:mp4 Shoku",1,131237116495180000
"ext:zip;rar ",1,131237110277030000
"pirate",1,131236927383390000
"ext:mkv;mp4 dc:thisweek",1,131236606666120000
"shokugeki no ",1,131236201151430000
"ending ext:mp3",1,131236083331130000
"shokugeki 12",1,131236069707090000
"youtube ext:js",1,131235948768810000
"souma",1,131235924436670000
"shokug",1,131235808797250000
"arms",1,131235702605020000
"inside out",1,131235086791690000
"campanel",1,131234495290600000
"you",1,131234034449830000
"yung",1,131233724788620000
"jack",1,131233721598960000
"campanella",1,131233719670520000
"ono",1,131233718411320000
"souma ",1,131233234963850000
"jiro dreams",1,131233039068430000
"ext:mkv;mp4 blender",1,131232810243920000
"genius",1,131232359556160000
"first step mp3",1,131232227002770000
"greatest",1,131232225547060000
"ext:mkv;mp4 576",1,131232222568150000
"X: temp",1,131232206369790000
"young tur",1,131232205998890000
"ext:mkv ",1,131231934672830000
"ext:mp3 brot",1,131231920196550000
"ext:mkv;mp4 new",1,131231910644790000
"ext:mkv;mp4 k2",1,131231908861260000
"ext:mkv;mp4 afri",1,131231903814910000
"ext:mkv;mp4 C:",1,131231755228570000
"sushi",1,131231537700550000
"Jiro",1,131231476104670000
"clean ban",1,131231417083650000
"pome",1,131231037234630000
"blender exe",1,131230885574720000
"one pun",1,131230867800590000
"worm epub",1,131230663474450000
"ml pdf",1,131230606138100000
"met pdf",1,131230604698110000
"pornh",1,131219776386110000
"ext:mkv;mp4 mkv",1,131219661990890000
"the fox",1,131218708488340000
"ext:mkv;mp4 category theory",1,131218705298810000
"category theory",1,131218705190600000
"haunted ",1,131218656067410000
"radial button",1,131218655238160000
"cate",1,131218454157700000
"svchost.exe System32",1,131218392375810000
"reaction",1,131217971190850000
"ext:mkv;mp4 asyn",1,131217848490670000
"ext:mkv;mp4 haun",1,131217811304330000
"ext:mkv;mp4 snl",1,131217714628850000
"ext:mkv;mp4 100",1,131217714411420000
"logan ",1,131217705891940000
"example.log",1,131217363972030000
"clinton",1,131217358063470000
"ext:tel;met",1,131217228791450000
"tell me",1,131217202225410000
"ext:mkv;mp4;flv",1,131217187468400000
"ext:mkv;mp4 ",1,131216886074760000
"you say",1,131216395776630000
"wavesha",1,131216349099660000
"buil ext:mkv",1,131216031455250000
"brothers",1,131216025646570000
"waves",1,131216017702980000
"flying",1,131216002097030000
"fly8ing",1,131216002000710000
"building rea",1,131215954212200000
"daddy ",1,131215942389830000
"cries",1,131215936308980000
"ext:lnk Windows\Recent mkv",1,131215926256810000
"ext:lnk Windows\Recent mp4",1,131215926141370000
"ext:lnk ",1,131215925745290000
"i01.",1,131215925552350000
"4.1",1,131215922745150000
